"order_id","account_id","bank_to","account_to","amount","k_symbol"
"29405","3","CD","24485939","327",
"29413","8","IJ","93210345","6712",
"29430","24","QR","46086388","7641",
"29433","25","AB","79838293","1110",
"29440","29","MN","93088209","829",
"29447","34","IJ","58999049","6070",
"29453","37","OP","23782724","2584",
"29457","38","KL","83435654","231",
"29462","40","MN","96111678","4301",
"29464","42","KL","55873340","239",
"29471","47","KL","37438374","174",
"29473","47","UV","30289006","9",
"29475","48","ST","2071685","1029",
"29478","50","UV","17270559","7024",
"29480","51","KL","74449389","2057",
"29482","52","QR","85721850","3723",
"29490","59","ST","65394794","6190",
"29499","65","CD","20976132","3315",
"29504","67","UV","59079301","445",
"29506","68","IJ","8292192","1186",
"29508","68","MN","92248808","61",
"29511","71","IJ","11544728","1602",
"29513","71","QR","34794885","778",
"29516","72","ST","8297068","2286",
"29529","81","MN","28429049","62",
"29532","83","EF","41590857","3940",
"29538","86","MN","48764252","1160",
"29543","90","UV","90134667","2375",
"29545","90","YZ","2028567","361",
"29556","96","WX","41707503","2140",
"29558","96","EF","66311460","644",
"29560","97","CD","33796209","2411",
"29562","97","CD","94469666","15",
"29567","99","EF","26847303","4682",
"29569","100","GH","16341108","7329",
"29571","101","GH","26152324","855",
"29574","102","UV","97521966","377",
"29577","104","ST","8965999","1464",
"29581","107","IJ","9999049","1580",
"29585","110","YZ","18149984","98",
"29602","121","UV","93935125","929",
"29606","124","OP","51247948","575",
"29617","133","CD","30067122","5123",
"29620","137","UV","34738314","787",
"29623","141","WX","71174192","1791",
"29632","148","GH","99004148","89",
"29635","151","KL","77260404","2668",
"29637","152","OP","16610890","2993",
"29646","160","ST","8854127","5552",
"29660","173","KL","26238835","1428",
"29662","173","CD","50065535","189",
"29669","176","OP","90734010","36",
"29672","178","ST","1946038","505",
"29674","179","IJ","47684144","1066",
"29676","179","OP","39081686","4608",
"29679","183","GH","85986530","752",
"29686","189","OP","28932172","750",
"29689","190","WX","3125066","3233",
"29691","190","YZ","50605297","1316",
"29698","196","AB","90261184","4417",
"29700","196","IJ","21173686","385",
"29715","207","GH","4786676","10",
"29718","208","CD","77937751","1767",
"29720","208","OP","28241002","545",
"29722","209","EF","52778792","41",
"29736","219","OP","33257001","2988",
"29742","225","KL","93545496","2",
"29747","228","EF","26569271","2158",
"29750","230","AB","95935326","1527",
"29757","235","KL","52539473","1321",
"29759","237","AB","58324587","1788",
"29762","239","MN","30218410","5995",
"29767","241","MN","27381342","632",
"29770","242","WX","62032568","2977",
"29774","244","OP","78948193","226",
"29782","249","GH","99770348","1876",
"29796","261","ST","63415229","371",
"29804","269","YZ","55865961","1690",
"29810","273","EF","85742187","178",
"29814","275","UV","60457825","2062",
"29821","279","QR","68556356","1380",
"29823","280","UV","1495051","4694",
"29827","282","AB","4248011","802",
"29837","289","OP","72798836","2621",
"29840","290","IJ","5267882","3274",
"29843","291","YZ","27026367","12925",
"29846","293","QR","85708903","845",
"29849","294","KL","94949411","145",
"29851","294","UV","58291846","156",
"29866","311","WX","80353498","371",
"29868","311","YZ","37490087","355",
"29879","319","KL","32717514","2196",
"29890","327","IJ","47999680","3805",
"29894","329","UV","23747241","3110",
"29899","333","QR","42206424","72",
"29902","334","MN","37566691","1168",
"29908","339","IJ","21728092","48",
"29926","355","GH","28271162","2927",
"29929","357","IJ","44572526","280",
"29931","358","ST","65233623","1434",
"29933","358","ST","94047659","73",
"29936","361","ST","59163767","1388",
"29938","362","ST","91743081","292",
"29943","365","QR","93025660","1782",
"29945","365","UV","89672892","9",
"29947","366","YZ","11380994","1914",
"29949","366","ST","68747752","3188",
"29952","368","EF","27974027","742",
"29954","368","YZ","33245110","217",
"29960","370","EF","39893967","1188",
"29963","372","MN","83496254","2148",
"29969","378","AB","85313254","1184",
"29971","378","KL","23140502","4",
"29973","379","CD","30392295","434",
"29975","379","IJ","80296814","312",
"29980","382","OP","26432061","27",
"29985","385","ST","91164779","31",
"29990","389","WX","25948596","3280",
"29993","392","WX","27344715","5663",
"29995","393","AB","27135431","5920",
"30002","395","GH","73209607","4036",
"30005","396","GH","26179212","68",
"30007","396","YZ","33896279","261",
"30013","401","EF","88922524","1769",
"30015","402","CD","98438930","2211",
"30018","404","WX","36616319","3450",
"30021","405","WX","11276412","1497",
"30024","406","KL","28461408","264",
"30026","407","EF","32662862","14",
"30043","425","OP","54766887","806",
"30047","426","GH","34606760","886",
"30052","431","KL","66201281","715",
"30054","434","ST","31071788","1637",
"30057","436","IJ","61715274","72",
"30060","437","YZ","18505370","3106",
"30065","441","WX","11125362","765",
"30068","442","ST","98938321","2068",
"30070","443","IJ","32109809","463",
"30074","445","IJ","49652427","7567",
"30085","452","OP","33601921","375",
"30102","467","AB","73301529","2895",
"30104","468","YZ","30738526","499",
"30107","470","IJ","70524096","630",
"30110","471","CD","97181409","931",
"30112","471","KL","45840859","202",
"30115","473","KL","67095625","2640",
"30117","473","YZ","22973603","333",
"30119","474","OP","79647504","1606",
"30122","477","GH","40855217","254",
"30136","484","MN","16825324","1995",
"30138","484","IJ","31340134","1412",
"30141","485","WX","56978738","1591",
"30149","494","ST","62039023","207",
"30159","500","AB","1471186","539",
"30166","505","OP","5099285","2203",
"30168","506","QR","70163124","107",
"30170","506","IJ","82022094","724",
"30174","510","UV","64973693","1319",
"30189","522","GH","18812161","4930",
"30199","533","IJ","31916600","3427",
"30201","534","KL","88319682","713",
"30204","535","UV","15932035","62",
"30211","541","WX","97620743","72",
"30215","543","QR","32736635","1086",
"30224","549","CD","87506788","3024",
"30229","555","YZ","19875437","479",
"30233","558","WX","11205697","1476",
"30240","564","IJ","56459259","8713",
"30247","572","EF","76923572","960",
"30252","575","GH","62339043","5329",
"30256","578","KL","6721955","601",
"30258","578","CD","84361481","57",
"30260","579","CD","61798560","1065",
"30262","580","AB","27916240","1715",
"30268","588","MN","81579917","1437",
"30279","599","MN","75048130","967",
"30286","606","GH","57793295","1071",
"30290","609","CD","14562350","732",
"30296","615","OP","63728749","1787",
"30301","618","WX","93719195","3035",
"30303","619","AB","96250706","6538",
"30305","621","QR","32067704","3043",
"30307","622","MN","53675001","594",
"30309","622","GH","23822355","11",
"30311","623","IJ","34328079","1653",
"30323","632","CD","54220384","199",
"30328","635","GH","86240660","2707",
"30330","635","UV","56503492","1547",
"30334","638","AB","77634972","4668",
"30341","644","YZ","19007480","1026",
"30349","651","CD","54411101","4062",
"30354","655","WX","48714017","2036",
"30356","655","IJ","19362265","341",
"30359","657","MN","15075981","1862",
"30362","659","CD","72181445","107",
"30364","660","WX","50051724","5338",
"30373","666","ST","70089435","2282",
"30396","678","WX","52606773","1929",
"30399","679","KL","27114582","450",
"30405","682","CD","62099003","537",
"30410","686","OP","92192554","2875",
"30413","687","EF","84690487","3998",
"30417","689","QR","99909179","1388",
"30419","689","IJ","93874132","16",
"30424","692","OP","98083799","137",
"30433","700","YZ","83101778","1646",
"30437","704","UV","96896516","1197",
"30447","715","IJ","30505544","1808",
"30452","718","QR","9956103","7122",
"30469","728","WX","87029039","4119",
"30472","729","GH","95585292","114",
"30482","738","OP","91551339","82",
"30493","749","WX","49583470","226",
"30495","749","UV","44345706","26",
"30499","752","UV","44654941","5568",
"30504","755","UV","18141162","1443",
"30506","757","KL","64578419","2289",
"30509","760","OP","88799416","894",
"30516","767","QR","39504963","504",
"30518","767","KL","32800996","22",
"30524","771","CD","28503686","4816",
"30526","772","YZ","62614697","660",
"30531","775","ST","6988245","2439",
"30533","776","MN","45458602","1036",
"30539","782","UV","68542945","2472",
"30542","784","KL","80516755","1215",
"30544","784","AB","51943343","701",
"30548","786","IJ","47281622","365",
"30550","787","OP","81038975","122",
"30553","789","OP","84300315","1641",
"30558","792","AB","50819605","1326",
"30561","793","OP","25394970","204",
"30564","794","YZ","95150184","907",
"30568","800","IJ","79600321","299",
"30570","801","MN","60788422","767",
"30573","804","AB","77494382","682",
"30595","820","AB","81232100","5367",
"30597","821","AB","89886223","651",
"30600","823","WX","75077736","1515",
"30606","826","YZ","5275464","866",
"30618","836","MN","12516117","2934",
"30625","843","WX","32156717","128",
"30628","844","GH","24649799","12531",
"30632","848","ST","72638684","1590",
"30637","851","IJ","26014739","881",
"30639","852","KL","63201045","2013",
"30641","853","QR","71826153","1378",
"30643","854","KL","41849011","1105",
"30648","856","ST","69347637","571",
"30650","856","KL","66175556","1404",
"30654","859","MN","97751479","855",
"30656","859","IJ","37609326","955",
"30659","861","IJ","36303168","478",
"30665","865","OP","20329344","1885",
"30667","866","EF","26753026","38",
"30669","866","MN","70676672","3844",
"30671","867","ST","12128901","2820",
"30674","868","ST","2121645","3119",
"30679","873","QR","57947230","1540",
"30684","874","ST","22497678","7025",
"30688","877","CD","26341355","1513",
"30700","883","EF","91641729","1756",
"30704","885","UV","97141348","2420",
"30716","895","QR","84034579","1454",
"30719","897","AB","1613778","6676",
"30721","898","UV","34259772","1582",
"30726","902","OP","54130822","1869",
"30730","905","IJ","93500333","37",
"30737","911","WX","10116327","968",
"30740","913","QR","52878284","2357",
"30748","918","UV","19973844","2039",
"30754","922","WX","73872160","255",
"30758","924","MN","71253311","1904",
"30763","927","OP","57618069","5782",
"30768","931","OP","98647319","1151",
"30770","931","MN","2668875","864",
"30787","947","EF","99499773","1143",
"30795","953","OP","89555656","185",
"30797","954","AB","55569523","1242",
"30815","972","YZ","58550822","1141",
"30823","980","EF","4869163","2889",
"30825","981","MN","79798209","2769",
"30827","982","AB","29559022","188",
"30829","982","OP","19998705","192",
"30844","992","KL","77042627","1071",
"30846","992","QR","40572267","2450",
"30849","995","GH","80483859","143",
"30852","997","AB","37532264","700",
"30854","997","CD","66356766","36",
"30860","1000","CD","8467102","1475",
"30865","1002","EF","29577315","1092",
"30868","1003","UV","66745954","185",
"30873","1006","EF","8671278","2008",
"30875","1006","KL","51874184","33",
"30886","1016","MN","21620893","2155",
"30888","1017","GH","13622379","477",
"30890","1018","GH","98507838","1028",
"30892","1019","IJ","74068438","608",
"30895","1020","ST","49670916","105",
"30906","1026","WX","63060033","335",
"30909","1029","WX","347924","342",
"30913","1031","MN","53443789","747",
"30918","1035","YZ","72017597","4942",
"30921","1037","UV","73314934","940",
"30923","1037","CD","38512766","62",
"30925","1038","GH","65748941","141",
"30932","1044","GH","18615305","188",
"30938","1049","EF","13402939","954",
"30941","1053","YZ","46275836","2439",
"30948","1058","WX","54740381","408",
"30950","1059","ST","66466748","1914",
"30957","1068","YZ","29813301","3273",
"30966","1075","UV","90986024","208",
"30968","1076","YZ","93423914","4447",
"30975","1083","KL","1474237","835",
"30982","1086","MN","12634462","474",
"30986","1089","QR","13997078","2962",
"30994","1095","KL","77274346","3773",
"30996","1095","EF","92616253","1787",
"30999","1097","OP","33397758","870",
"31001","1097","UV","86982053","42",
"31010","1100","UV","21850496","882",
"31016","1105","WX","69901072","4015",
"31024","1113","YZ","4878908","1809",
"31031","1118","GH","4071104","1388",
"31037","1123","WX","23123979","6668",
"31040","1124","GH","54822939","2739",
"31043","1125","UV","34524190","238",
"31049","1129","EF","57572519","2085",
"31056","1134","ST","64548426","6007",
"31060","1136","YZ","17459643","2884",
"31064","1139","UV","4895151","3110",
"31066","1139","OP","71055465","479",
"31069","1141","QR","31942546","907",
"31077","1145","KL","38151466","1469",
"31079","1146","QR","46465182","1384",
"31084","1153","MN","55908048","1033",
"31090","1160","CD","47398275","171",
"31103","1168","GH","54825097","1838",
"31105","1168","WX","34381449","40",
"31107","1169","WX","2818489","591",
"31112","1173","AB","55954945","1352",
"31114","1174","IJ","14356726","829",
"31121","1177","IJ","89210205","3499",
"31126","1181","WX","99466686","329",
"31130","1183","QR","47705107","1046",
"31136","1189","GH","59060120","344",
"31149","1199","UV","49255633","762",
"31151","1200","EF","63795244","525",
"31154","1201","OP","53580081","1836",
"31160","1203","UV","74031829","3232",
"31162","1203","EF","31680542","346",
"31164","1204","MN","21313643","4992",
"31170","1208","IJ","36384171","2126",
"31173","1211","KL","33158874","890",
"31181","1217","YZ","58911669","1956",
"31188","1223","CD","87986993","4963",
"31196","1227","GH","57943856","101",
"31198","1227","YZ","39771598","2344",
"31212","1241","IJ","21271294","2201",
"31216","1242","AB","62675297","3674",
"31218","1242","UV","13214141","38",
"31220","1244","IJ","81744551","2122",
"31222","1244","QR","49724513","54",
"31229","1249","GH","65504103","392",
"31233","1250","IJ","49418222","10069",
"31237","1253","WX","10639518","5330",
"31240","1256","ST","69528400","5450",
"31244","1258","OP","77309888","1174",
"31246","1259","MN","46119725","2108",
"31256","1267","YZ","92731403","867",
"31258","1267","QR","69378167","1672",
"31261","1269","EF","78545605","599",
"31269","1276","YZ","87970047","508",
"31286","1287","UV","28742987","6619",
"31294","1292","UV","43192416","1457",
"31298","1294","UV","31563121","2177",
"31302","1297","UV","17594236","3311",
"31305","1299","GH","4791987","2291",
"31312","1306","IJ","20391887","942",
"31322","1315","QR","62296283","299",
"31325","1316","WX","87733494","619",
"31330","1318","AB","50830727","1762",
"31332","1318","AB","44717049","744",
"31334","1319","YZ","35347509","884",
"31337","1320","MN","96369796","907",
"31339","1320","KL","99194561","80",
"31346","1324","GH","7442152","680",
"31348","1325","UV","37066787","1766",
"31350","1326","QR","42594999","786",
"31352","1326","QR","85305046","954",
"31356","1329","AB","48227208","5081",
"31359","1331","EF","79824220","3320",
"31363","1335","MN","66854125","1044",
"31367","1338","OP","42143994","897",
"31370","1340","CD","67103540","472",
"31375","1342","ST","45400208","1011",
"31381","1345","AB","89492493","848",
"31383","1346","AB","56407761","475",
"31386","1348","ST","8676511","17",
"31392","1350","QR","96030205","3493",
"31395","1352","WX","39692401","3445",
"31397","1352","EF","98708682","213",
"31399","1353","QR","98736470","6646",
"31406","1363","KL","28982448","1517",
"31408","1363","OP","19618755","243",
"31413","1366","ST","24074399","310",
"31416","1367","ST","41883254","193",
"31418","1367","UV","69351130","431",
"31421","1369","KL","43920379","1738",
"31425","1373","CD","9301025","346",
"31432","1378","EF","29417294","1347",
"31434","1378","AB","95008945","881",
"31437","1380","CD","91279375","1100",
"31450","1390","EF","43511337","6147",
"31453","1392","ST","15265077","4216",
"31461","1399","WX","32165342","13",
"31463","1399","KL","64385211","345",
"31470","1402","IJ","79063850","2221",
"31472","1402","EF","12338292","374",
"31476","1404","CD","76187407","123",
"31478","1404","IJ","96404462","483",
"31480","1405","ST","63219690","158",
"31490","1412","MN","65591120","1773",
"31493","1413","AB","67985760","3477",
"31496","1414","MN","8757979","5397",
"31507","1423","IJ","50862812","1213",
"31522","1437","OP","22823983","314",
"31524","1437","GH","27458155","29",
"31527","1440","IJ","63291668","2020",
"31534","1445","AB","68283045","668",
"31536","1445","IJ","82043331","1420",
"31542","1449","UV","17508918","320",
"31555","1459","OP","25038093","582",
"31561","1463","YZ","71522283","1505",
"31563","1465","CD","77944719","218",
"31567","1468","IJ","53378862","1710",
"31571","1471","YZ","17326855","12",
"31574","1472","OP","3332001","2375",
"31584","1482","KL","10367054","1766",
"31587","1483","AB","39453744","2701",
"31591","1485","EF","43014037","5949",
"31594","1486","KL","1473415","2291",
"31598","1488","CD","64393782","230",
"31607","1495","MN","97259157","670",
"31609","1496","GH","36367225","161",
"31612","1497","YZ","74438202","5463",
"31620","1504","WX","69836336","4887",
"31626","1509","QR","20525896","2320",
"31631","1513","QR","85800695","3912",
"31633","1513","GH","65290647","689",
"31637","1515","CD","84623413","774",
"31645","1523","IJ","13058364","9843",
"31653","1529","YZ","86592346","1463",
"31662","1534","ST","36498439","2155",
"31669","1540","UV","76470201","3057",
"31673","1544","ST","7747644","189",
"31675","1545","MN","5408674","1112",
"31689","1558","ST","33069950","2899",
"31693","1560","CD","89837598","244",
"31700","1565","AB","37661731","2095",
"31703","1566","WX","15924412","1164",
"31705","1566","OP","12450731","948",
"31707","1567","CD","53102117","6000",
"31710","1568","WX","99360131","49",
"31725","1577","KL","58483004","988",
"31737","1590","WX","79533683","1025",
"31739","1590","GH","23429125","127",
"31741","1591","AB","57081830","26",
"31747","1594","AB","37283611","1596",
"31756","1598","WX","12520486","7384",
"31758","1599","WX","99690108","4004",
"31763","1603","MN","3211814","1187",
"31772","1611","IJ","54032","3403",
"31783","1622","IJ","83712011","1028",
"31788","1625","GH","10578328","1727",
"31790","1625","EF","45131552","1522",
"31809","1641","MN","57866871","1294",
"31817","1644","IJ","76071583","1022",
"31821","1646","QR","99677460","1651",
"31823","1647","GH","78795104","1199",
"31826","1650","OP","60317361","9100",
"31831","1655","GH","90691631","3827",
"31836","1658","AB","35908234","172",
"31863","1678","OP","54732525","1778",
"31867","1681","AB","76300596","6",
"31870","1683","UV","73280399","3239",
"31875","1686","YZ","74546420","1225",
"31881","1691","QR","60282856","1214",
"31889","1697","AB","30674797","1778",
"31906","1708","WX","62805408","3339",
"31910","1711","KL","75510221","188",
"31915","1716","ST","972009","1032",
"31922","1723","YZ","10030848","3904",
"31924","1723","ST","47622954","8",
"31927","1726","OP","61997002","2082",
"31929","1726","UV","65941238","115",
"31931","1727","EF","22698265","1093",
"31943","1737","QR","67832314","2329",
"31952","1747","MN","40159267","1118",
"31959","1750","OP","16547310","5517",
"31966","1758","ST","56174659","355",
"31968","1759","WX","8029026","1866",
"31972","1761","EF","69640517","3407",
"31975","1762","QR","49858301","3352",
"31979","1763","QR","52545648","5539",
"31983","1766","EF","6482232","43",
"31985","1766","OP","41643542","2390",
"31988","1767","KL","65165352","1523",
"32000","1777","AB","64771890","1418",
"32004","1779","EF","47371226","1230",
"32015","1790","ST","2797884","1935",
"32021","1794","MN","76406907","1890",
"32023","1794","IJ","75616937","47",
"32026","1796","AB","33720845","1228",
"32028","1797","ST","92369353","4015",
"32030","1798","MN","65253668","1687",
"32034","1800","EF","27750283","1643",
"32037","1801","YZ","80957543","3419",
"32042","1803","YZ","14515853","829",
"32049","1809","WX","62114232","183",
"32054","1811","KL","87739562","6745",
"32056","1812","EF","95304095","1133",
"32058","1813","QR","343406","4350",
"32061","1815","QR","69614529","3859",
"32066","1819","MN","18223607","1236",
"32073","1824","CD","62974762","9515",
"32075","1825","ST","42349684","2688",
"32080","1828","UV","98265254","1613",
"32082","1828","YZ","21647364","1498",
"32088","1832","CD","19165534","139",
"32090","1832","CD","85279571","5933",
"32094","1835","AB","98761927","1431",
"32096","1836","EF","2027774","1685",
"32102","1841","KL","52448677","259",
"32120","1856","WX","413990","1449",
"32122","1857","GH","97685545","279",
"32127","1861","AB","86292242","1519",
"32130","1863","ST","28247505","1096",
"32139","1872","UV","67046397","137",
"32144","1876","YZ","2049482","723",
"32149","1879","QR","75441211","1119",
"32151","1881","CD","72414660","3640",
"32153","1882","AB","81505483","1936",
"32162","1888","YZ","35539561","3473",
"32166","1891","YZ","43767422","172",
"32176","1897","OP","60395377","2237",
"32182","1903","YZ","5529422","260",
"32184","1904","KL","63970231","587",
"32188","1905","WX","17456478","3225",
"32192","1906","YZ","40499287","158",
"32194","1907","UV","59887331","594",
"32197","1909","KL","63000541","1156",
"32200","1910","EF","95706283","2336",
"32204","1914","UV","9548128","2046",
"32206","1915","GH","43997365","2142",
"32211","1919","UV","54287219","342",
"32214","1921","KL","97261964","124",
"32220","1926","QR","66210120","361",
"32226","1931","CD","16274184","23",
"32230","1934","IJ","6592476","4007",
"32232","1934","UV","50147646","1167",
"32238","1939","QR","37756449","893",
"32243","1943","KL","17804307","1412",
"32245","1943","UV","87436866","2181",
"32250","1948","OP","4367113","6569",
"32252","1949","UV","70580106","107",
"32254","1949","IJ","89576708","487",
"32257","1951","EF","62647110","968",
"32263","1957","QR","27709353","892",
"32268","1960","IJ","14609361","47",
"32271","1962","OP","17327452","1192",
"32282","1970","GH","16633075","1916",
"32286","1973","WX","37152791","1150",
"32288","1975","GH","22193175","1480",
"32290","1975","ST","13919747","765",
"32292","1976","WX","33949554","2157",
"32295","1978","UV","57071173","5900",
"32300","1981","GH","1563025","1097",
"32307","1991","QR","67428964","4312",
"32312","1994","QR","84585159","706",
"32314","1994","EF","9145510","43",
"32320","1999","EF","25691366","3778",
"32322","2000","GH","21546656","48",
"32330","2005","MN","85910385","141",
"32335","2008","EF","16119492","3655",
"32337","2009","MN","55095195","1268",
"32340","2011","KL","32849800","272",
"32348","2016","KL","14798927","1069",
"32351","2017","IJ","86340266","816",
"32355","2019","AB","41162085","265",
"32360","2023","YZ","90052854","4208",
"32362","2023","OP","19809311","1684",
"32366","2026","YZ","17594266","3387",
"32372","2032","QR","61507683","225",
"32374","2032","IJ","51595652","1441",
"32379","2035","CD","27185577","917",
"32381","2035","WX","54719960","93",
"32383","2037","CD","40179944","8535",
"32385","2038","CD","20491111","2062",
"32388","2042","IJ","24157494","1008",
"32394","2046","EF","49969434","1647",
"32397","2048","KL","96522324","1466",
"32400","2049","GH","14193714","1037",
"32402","2050","WX","28735864","5542",
"32404","2050","KL","89135688","401",
"32407","2052","GH","20415777","72",
"32412","2054","CD","30685097","4448",
"32417","2057","YZ","1773274","970",
"32419","2057","AB","71481627","102",
"32421","2058","ST","17455786","131",
"32423","2058","IJ","17472982","2",
"32426","2061","OP","78724276","675",
"32429","2062","YZ","28156739","3136",
"32435","2068","WX","6661606","1405",
"32438","2069","CD","57790952","2223",
"32440","2069","YZ","80550372","118",
"32443","2071","WX","44377255","3093",
"32447","2074","EF","58509194","2568",
"32449","2075","OP","56678074","992",
"32458","2082","CD","92538064","1782",
"32463","2085","UV","94459324","305",
"32473","2096","UV","38005286","5441",
"32479","2101","AB","83940368","600",
"32482","2102","QR","30830097","1835",
"32484","2103","EF","60364776","2211",
"32490","2107","ST","32207316","663",
"32496","2114","CD","42759567","1742",
"32500","2116","QR","59543710","3407",
"32510","2121","CD","4398906","3382",
"32514","2124","KL","31666642","287",
"32526","2134","WX","15210831","641",
"32529","2135","QR","91295229","4101",
"32533","2139","GH","92438989","4737",
"32546","2146","AB","64262807","3230",
"32550","2148","MN","6842810","69",
"32554","2151","GH","97779327","1227",
"32559","2153","CD","79112446","10303",
"32563","2155","ST","23068177","1534",
"32567","2159","AB","91621130","7601",
"32570","2161","WX","86137514","1068",
"32573","2163","ST","64506924","2791",
"32578","2166","ST","84241741","991",
"32587","2169","QR","71835785","875",
"32590","2170","YZ","60630810","1468",
"32599","2176","EF","57953965","5135",
"32603","2179","OP","48367720","3650",
"32605","2179","OP","22667289","78",
"32618","2189","WX","36365342","704",
"32621","2190","ST","90605234","1490",
"32625","2192","KL","25682276","7",
"32636","2199","AB","99790232","1830",
"32639","2201","CD","42079347","391",
"32649","2209","ST","68777465","1418",
"32662","2221","CD","6097948","719",
"32668","2226","GH","53093177","8042",
"32676","2231","KL","11682016","1431",
"32680","2234","AB","54483455","59",
"32686","2237","KL","87857412","891",
"32691","2239","YZ","22235125","405",
"32694","2241","KL","37085980","455",
"32698","2243","YZ","70212971","547",
"32704","2247","CD","39011389","1344",
"32706","2247","UV","83908128","1051",
"32716","2252","WX","61189848","1469",
"32720","2254","QR","72738760","1488",
"32752","2278","MN","48851555","7377",
"32765","2286","CD","33564162","2109",
"32772","2292","YZ","37514162","223",
"32778","2297","QR","1093173","1452",
"32783","2302","MN","49296242","1838",
"32787","2306","KL","42063969","3586",
"32799","2313","GH","52766847","1341",
"32802","2316","IJ","96044265","7",
"32803","2316","MN","51700419","8",
"32807","2318","IJ","95490520","5191",
"32809","2318","IJ","71377277","251",
"32817","2322","QR","87459748","690",
"32819","2322","ST","14182174","1612",
"32823","2325","ST","46773761","2155",
"32830","2330","EF","63786613","601",
"32832","2331","MN","32200968","1408",
"32837","2335","EF","61203175","1069",
"32839","2335","OP","63746511","1676",
"32843","2337","UV","63713687","927",
"32847","2341","ST","97825383","464",
"32856","2346","QR","74352502","1939",
"32858","2346","QR","42005080","3596",
"32861","2348","QR","662106","3349",
"32865","2350","IJ","98643308","5263",
"32868","2352","GH","79024326","34",
"32872","2353","YZ","26668000","1968",
"32888","2367","KL","61017304","3678",
"32891","2369","EF","44902819","207",
"32895","2371","AB","87190907","793",
"32897","2371","YZ","45326221","294",
"32899","2372","MN","79875886","1946",
"32901","2372","MN","9774154","131",
"32905","2375","KL","35131472","7022",
"32911","2379","IJ","3021407","145",
"32917","2383","WX","50398296","3334",
"32922","2386","KL","16295147","1797",
"32928","2390","QR","66811156","11464",
"32934","2394","CD","11698562","182",
"32939","2397","MN","30975151","16",
"32949","2408","ST","51844030","53",
"32960","2414","EF","64713829","1501",
"32964","2417","OP","93963139","1843",
"32968","2421","MN","93932258","220",
"32979","2427","YZ","61671554","868",
"32982","2429","GH","91816699","369",
"32984","2431","UV","92502820","236",
"32993","2437","YZ","65697604","1338",
"32995","2438","UV","62592428","705",
"32998","2440","KL","30988913","661",
"33001","2441","ST","57518833","490",
"33004","2442","IJ","67963898","1568",
"33011","2448","CD","6193393","1193",
"33013","2450","KL","21773249","7915",
"33027","2464","KL","74763947","4681",
"33031","2466","IJ","40924441","3733",
"33036","2470","GH","17039579","2105",
"33039","2471","EF","20720190","1347",
"33041","2471","KL","585544","205",
"33045","2473","IJ","87259512","236",
"33047","2474","AB","28422999","2251",
"33049","2475","ST","76343703","804",
"33051","2475","GH","16848689","3829",
"33057","2479","ST","56431281","765",
"33061","2482","KL","67559063","127",
"33063","2482","CD","27061575","55",
"33066","2483","GH","9561491","4926",
"33068","2484","OP","83567636","538",
"33070","2484","ST","72945260","1390",
"33074","2487","CD","60394644","228",
"33076","2487","OP","85525637","262",
"33081","2490","MN","39699643","649",
"33083","2491","OP","47771161","3232",
"33088","2494","AB","22744047","4206",
"33098","2499","ST","97045737","1933",
"33101","2501","QR","42648118","3142",
"33112","2509","AB","73543202","4377",
"33115","2510","CD","54819261","92",
"33118","2511","ST","88212847","3059",
"33130","2523","UV","19039827","82",
"33132","2523","GH","1038826","73",
"33135","2525","GH","99278032","2929",
"33144","2530","KL","76112597","4379",
"33149","2534","MN","32907408","1220",
"33151","2535","QR","20700508","90",
"33159","2541","ST","76871382","2238",
"33162","2542","AB","12512219","2637",
"33166","2544","GH","94170903","556",
"33168","2544","YZ","63550382","5",
"33170","2545","ST","28254646","671",
"33175","2546","KL","17094719","1152",
"33180","2550","MN","80567723","403",
"33182","2550","ST","71683752","49",
"33185","2551","WX","38843870","2818",
"33190","2555","AB","73481118","2261",
"33196","2560","IJ","44398903","4445",
"33203","2568","MN","1379150","1086",
"33220","2582","ST","12887466","1748",
"33228","2590","KL","50073719","660",
"33235","2594","OP","75519376","506",
"33239","2597","MN","7596224","1957",
"33243","2602","WX","59156989","4073",
"33250","2607","GH","82425427","755",
"33262","2617","OP","4205275","1867",
"33280","2632","IJ","73459928","41",
"33285","2638","AB","13954824","728",
"33291","2642","IJ","37776649","571",
"33298","2645","OP","46016168","631",
"33300","2645","ST","91531282","1010",
"33304","2646","OP","72267347","528",
"33308","2649","QR","38579416","320",
"33310","2649","AB","33442980","655",
"33315","2652","QR","98601030","6351",
"33317","2653","CD","82124638","2310",
"33321","2655","WX","4603857","89",
"33327","2658","MN","3748625","1367",
"33335","2664","QR","12188804","475",
"33337","2666","EF","41393333","1287",
"33345","2670","CD","70427286","4754",
"33348","2672","IJ","41447466","211",
"33350","2673","MN","7310396","4111",
"33352","2676","IJ","56445985","1339",
"33355","2677","KL","17019027","641",
"33357","2677","YZ","80062365","158",
"33375","2689","UV","36906784","2121",
"33385","2697","GH","34090870","3142",
"33389","2699","CD","32435608","662",
"33391","2700","YZ","95353859","6129",
"33393","2700","OP","33791315","2323",
"33395","2701","MN","24402356","5761",
"33397","2702","WX","90875982","29",
"33404","2707","GH","63447183","2546",
"33406","2709","UV","79388266","39",
"33413","2715","CD","56625884","216",
"33416","2716","UV","78199630","7456",
"33421","2720","AB","33301061","4719",
"33423","2721","QR","48024463","2200",
"33425","2721","ST","69458347","73",
"33430","2725","WX","80807143","66",
"33441","2733","EF","39144194","1545",
"33443","2734","UV","86357444","3310",
"33450","2738","YZ","48380392","1152",
"33452","2739","AB","56375890","4173",
"33454","2742","ST","59019696","4878",
"33456","2743","GH","18241173","2811",
"33460","2745","UV","59444808","3461",
"33462","2745","GH","33104568","3525",
"33468","2750","YZ","25649327","2229",
"33470","2751","WX","57857632","2957",
"33475","2754","QR","77635740","226",
"33483","2760","IJ","9268027","4476",
"33487","2762","CD","75502043","733",
"33491","2764","ST","93326770","2382",
"33495","2767","OP","32782268","1333",
"33502","2770","OP","52641576","1582",
"33508","2773","UV","95782577","154",
"33510","2773","IJ","16981333","59",
"33516","2778","YZ","18643141","5821",
"33518","2779","QR","69750815","34",
"33520","2779","ST","87464","5",
"33529","2789","YZ","53360038","229",
"33536","2795","EF","22198647","6366",
"33539","2796","MN","37211978","5291",
"33542","2799","WX","8040637","4870",
"33551","2809","ST","59529948","6339",
"33553","2810","WX","72857814","5828",
"33555","2810","IJ","18043649","411",
"33560","2813","GH","57591462","4789",
"33562","2813","OP","607473","957",
"33568","2816","KL","33418482","644",
"33572","2819","OP","41235882","748",
"33576","2821","YZ","58186644","2122",
"33592","2830","CD","94782387","2150",
"33594","2831","IJ","53561782","793",
"33596","2831","GH","48501449","414",
"33600","2834","GH","82648515","1907",
"33602","2834","WX","58814722","2726",
"33606","2838","IJ","42194247","1370",
"33608","2839","KL","46831309","4885",
"33610","2839","CD","79972260","166",
"33615","2842","UV","64184588","930",
"33633","2858","YZ","67071980","786",
"33637","2862","CD","24443286","5728",
"33639","2863","QR","88193910","5223",
"33641","2864","KL","14610875","413",
"33644","2865","OP","5581480","8",
"33646","2865","OP","25167072","1",
"33654","2872","ST","89302223","4059",
"33657","2873","EF","63152539","2925",
"33659","2873","OP","80315440","693",
"33679","2890","ST","74552196","2992",
"33681","2891","ST","74825072","4928",
"33684","2893","GH","98864054","751",
"33688","2896","WX","62635773","295",
"33694","2902","ST","44056862","5465",
"33697","2906","QR","22673285","6863",
"33704","2910","OP","4570603","7656",
"33706","2911","CD","6411171","4389",
"33713","2914","YZ","60860872","3367",
"33715","2916","YZ","12730980","635",
"33717","2916","WX","87459617","2",
"33727","2926","WX","11561584","1093",
"33729","2926","UV","98638396","699",
"33734","2929","QR","86361235","11789",
"33739","2932","KL","90025215","26",
"33741","2932","QR","33505654","7",
"33750","2938","AB","20103186","2288",
"33757","2942","UV","81376140","1072",
"33761","2944","MN","7655978","615",
"33771","2951","QR","88711630","1810",
"33776","2953","UV","53719216","2848",
"33792","2967","YZ","72003149","1042",
"33795","2968","YZ","56916338","2284",
"33799","2973","CD","26884633","212",
"33816","2982","EF","48207306","164",
"33818","2982","ST","51036828","23",
"33825","2986","CD","64366233","1390",
"33831","2990","GH","22984445","2704",
"33833","2991","CD","47281420","121",
"33835","2991","IJ","62011402","107",
"33841","2996","WX","21435213","15",
"33843","2996","EF","27229410","402",
"33846","2998","MN","53139364","28",
"33855","3005","AB","44410479","7696",
"33858","3007","KL","5890685","1405",
"33860","3007","ST","61215889","997",
"33864","3011","WX","47335153","138",
"33869","3015","WX","854856","2130",
"33872","3017","AB","12489307","879",
"33874","3017","MN","8393472","1877",
"33886","3030","AB","24432987","1795",
"33890","3033","OP","9593081","192",
"33896","3035","OP","22791952","4919",
"33900","3039","YZ","32417327","1233",
"33903","3041","EF","49177348","1827",
"33906","3042","WX","17494821","3459",
"33911","3046","MN","23135692","613",
"33917","3050","AB","62503671","119",
"33920","3051","GH","55203390","184",
"33925","3053","KL","38718313","3675",
"33934","3059","IJ","42451202","1758",
"33941","3064","EF","30132371","4714",
"33947","3067","AB","61285483","1330",
"33952","3071","ST","5976218","4268",
"33963","3079","WX","63926827","2065",
"33971","3085","MN","41444516","907",
"33974","3087","MN","59350305","395",
"33979","3090","YZ","75680291","722",
"33982","3091","QR","20404392","3387",
"33986","3094","WX","36868620","10",
"33988","3094","IJ","4935080","17",
"33995","3096","KL","64655774","65",
"33997","3096","KL","85654091","1619",
"33999","3097","ST","70961040","2119",
"34003","3100","CD","8754432","6275",
"34007","3103","EF","57580989","776",
"34013","3108","UV","61451268","482",
"34017","3112","KL","83437150","1584",
"34019","3113","WX","14441299","4043",
"34021","3113","GH","11477154","355",
"34028","3119","MN","30850821","84",
"34036","3124","ST","56739848","811",
"34045","3132","OP","96756225","855",
"34048","3133","ST","98308729","6327",
"34052","3136","UV","29040438","3489",
"34055","3140","WX","26200568","1978",
"34066","3147","MN","78769749","28",
"34068","3147","AB","80525493","37",
"34073","3151","EF","48056763","4081",
"34076","3153","OP","43252468","2001",
"34078","3154","KL","5445003","515",
"34092","3163","OP","11820799","6514",
"34101","3169","OP","67546647","6674",
"34105","3172","EF","26548195","43",
"34112","3178","OP","35352593","287",
"34114","3179","WX","81993627","1015",
"34116","3180","CD","25152552","1954",
"34121","3185","ST","46145159","2041",
"34127","3191","ST","47511076","3606",
"34129","3192","AB","36690706","2518",
"34133","3195","QR","58903491","1253",
"34141","3199","WX","75887262","2164",
"34143","3201","AB","88160776","2898",
"34149","3206","YZ","59108871","677",
"34156","3212","MN","77462422","68",
"34158","3212","QR","12530750","47",
"34160","3213","GH","67793083","562",
"34166","3216","KL","29463476","6634",
"34170","3218","UV","42386043","667",
"34176","3222","ST","34597045","859",
"34182","3226","UV","33583200","2348",
"34184","3227","IJ","5033845","1662",
"34190","3229","WX","5108792","6411",
"34201","3238","ST","45814847","793",
"34205","3240","YZ","77722441","21",
"34212","3244","EF","55354916","219",
"34216","3247","IJ","72730910","3032",
"34224","3252","IJ","76135319","483",
"34229","3256","WX","73508322","4490",
"34233","3258","GH","98635321","213",
"34235","3259","YZ","45163714","1350",
"34237","3260","MN","83334749","40",
"34239","3261","OP","53245943","2197",
"34247","3268","WX","36828112","634",
"34253","3272","QR","1989675","1531",
"34255","3272","EF","16072351","342",
"34259","3275","CD","69099885","3056",
"34261","3276","CD","4509616","929",
"34265","3280","QR","41446197","2671",
"34274","3289","GH","75018042","3841",
"34279","3293","EF","86246293","567",
"34281","3293","CD","46667754","221",
"34288","3296","GH","2751821","9248",
"34294","3302","UV","73494863","572",
"34300","3306","EF","82538950","59",
"34302","3309","EF","46898156","2991",
"34307","3311","QR","81377613","666",
"34310","3312","MN","91536551","789",
"34312","3312","MN","21088898","32",
"34320","3318","EF","6951642","771",
"34323","3319","UV","77133154","2154",
"34328","3324","OP","46396940","2146",
"34330","3327","EF","12969375","4270",
"34337","3331","YZ","15388948","1436",
"34348","3343","QR","27868533","7661",
"34352","3346","WX","56243741","4930",
"34359","3352","YZ","16720837","578",
"34362","3353","CD","19594610","58",
"34365","3354","WX","12488460","2704",
"34374","3358","QR","15025878","446",
"34382","3364","MN","21862072","699",
"34386","3366","GH","24337905","1608",
"34388","3367","CD","63311707","2119",
"34390","3368","CD","59722214","3343",
"34393","3369","CD","76031207","3007",
"34398","3373","EF","60809451","3435",
"34414","3390","IJ","12870973","2004",
"34416","3390","KL","97396742","560",
"34418","3391","WX","58574038","6082",
"34428","3399","OP","54617005","784",
"34430","3399","OP","58814012","1753",
"34436","3402","WX","85702967","4324",
"34443","3410","AB","6115699","120",
"34448","3413","IJ","9298742","242",
"34450","3413","KL","48610538","139",
"34461","3419","QR","88912635","532",
"34469","3423","GH","76289182","2685",
"34472","3424","AB","4327679","2264",
"34476","3426","CD","44458460","488",
"34485","3434","YZ","23543101","988",
"34489","3437","WX","29037130","6761",
"34493","3440","UV","62948483","2066",
"34495","3440","AB","76361179","5",
"34514","3462","KL","83431678","4743",
"34516","3463","AB","65683340","5186",
"34519","3464","IJ","61951309","1852",
"34522","3466","MN","77973669","105",
"34526","3467","IJ","69940155","618",
"34528","3467","ST","92155229","5",
"34530","3468","QR","18880945","149",
"34535","3471","YZ","42072856","846",
"34537","3472","OP","78649419","138",
"34543","3474","YZ","72860312","240",
"34548","3476","YZ","55472403","5447",
"34552","3479","UV","59266370","1506",
"34562","3485","GH","6110102","5428",
"34565","3487","QR","94053124","7951",
"34571","3491","QR","61091714","776",
"34574","3492","AB","556761","4962",
"34579","3497","KL","58310377","5650",
"34582","3498","GH","43527126","2347",
"34586","3501","OP","60597056","2225",
"34592","3506","GH","59540486","4084",
"34594","3507","QR","75874447","2700",
"34599","3513","YZ","20442784","2185",
"34613","3534","GH","64108812","4075",
"34617","3537","KL","1519895","3772",
"34619","3537","ST","5785829","27",
"34627","3546","ST","36442333","4795",
"34632","3550","AB","16933977","936",
"34635","3551","EF","54634529","133",
"34638","3552","OP","15827417","352",
"34644","3556","AB","8922565","984",
"34647","3558","KL","9583253","152",
"34654","3565","QR","37784505","1494",
"34657","3566","MN","22689193","3276",
"34661","3567","GH","86320829","6943",
"34665","3571","AB","82703417","222",
"34675","3580","AB","9052366","335",
"34677","3581","IJ","1107889","2846",
"34682","3584","OP","3099793","98",
"34685","3587","QR","68455278","1059",
"34692","3593","ST","40100878","986",
"34704","3605","MN","2428693","269",
"34713","3609","WX","36661124","4238",
"34722","3612","WX","4672742","2410",
"34726","3613","MN","62003463","2144",
"34729","3614","OP","19014889","1081",
"34733","3617","AB","46849840","1797",
"34736","3618","CD","40253979","826",
"34742","3622","YZ","19400376","2286",
"34744","3623","YZ","12989753","105",
"34749","3626","CD","85035067","5156",
"34752","3628","CD","23473745","189",
"34756","3629","QR","11967546","368",
"34766","3633","AB","61292290","799",
"34769","3635","MN","61283069","493",
"34771","3636","IJ","68396133","1731",
"34774","3637","ST","57452273","219",
"34785","3645","AB","95973336","2651",
"34787","3646","IJ","47689282","3182",
"34790","3648","ST","57323801","640",
"34793","3649","ST","17516535","4",
"34798","3653","ST","80628025","1208",
"34801","3655","EF","63581627","2927",
"34805","3659","AB","66256487","2862",
"34807","3659","ST","8070820","955",
"34813","3665","QR","84521090","2465",
"34818","3669","AB","20263856","1298",
"34823","3672","KL","33347761","2957",
"34833","3679","OP","62108045","5148",
"34854","3697","KL","90743112","5632",
"34861","3703","GH","25207352","192",
"34866","3709","MN","33267444","1317",
"34868","3709","EF","22020697","474",
"34874","3714","AB","69903582","513",
"34876","3714","IJ","5437863","426",
"34883","3721","AB","86966162","132",
"34888","3726","WX","41449713","2588",
"34890","3727","ST","36931669","836",
"34898","3735","GH","60675847","1173",
"34910","3743","OP","7009309","390",
"34916","3745","UV","77627140","841",
"34918","3746","KL","7049614","556",
"34921","3747","IJ","93115895","1827",
"34925","3748","EF","10963404","1820",
"34929","3751","YZ","49654692","3046",
"34935","3754","OP","52597421","1184",
"34937","3754","UV","27539909","900",
"34942","3757","ST","43094796","1229",
"34944","3757","OP","41911280","3933",
"34952","3763","IJ","55779212","3623",
"34955","3765","QR","28543275","762",
"34959","3767","EF","4828662","3655",
"34966","3774","AB","76028048","2881",
"34969","3776","ST","93457734","2261",
"34971","3777","AB","91688686","1007",
"34976","3779","KL","79480331","853",
"34982","3782","UV","43415004","2790",
"34986","3784","GH","35721373","3360",
"34992","3791","YZ","15558588","3147",
"34998","3795","CD","41867381","6679",
"35001","3798","MN","28350711","8637",
"35003","3799","MN","9053272","1290",
"35005","3799","UV","23728156","213",
"35007","3800","OP","90384268","3634",
"35012","3804","CD","46665102","4458",
"35015","3806","AB","66113912","2478",
"35019","3808","GH","27884578","4767",
"35021","3809","OP","52133649","1619",
"35027","3813","KL","81905740","895",
"35032","3818","OP","32659602","1474",
"35047","3832","UV","41750305","4176",
"35050","3834","YZ","63132923","375",
"35052","3834","YZ","52872371","262",
"35055","3835","AB","19860339","1247",
"35057","3836","MN","95188617","1011",
"35069","3847","YZ","83747803","7",
"35074","3850","CD","34453201","5120",
"35076","3851","KL","91988861","9505",
"35081","3854","OP","59714329","930",
"35083","3855","IJ","38085216","5578",
"35093","3862","YZ","17165685","7824",
"35096","3864","GH","67975002","5960",
"35098","3864","QR","75671767","1419",
"35109","3872","QR","66648661","923",
"35111","3872","MN","8770090","2908",
"35120","3878","YZ","38488340","1648",
"35128","3881","IJ","58912730","3188",
"35130","3882","QR","87316327","379",
"35132","3882","IJ","12070072","100",
"35137","3889","GH","94921665","1767",
"35142","3893","MN","44051182","1534",
"35147","3896","MN","53936433","1642",
"35155","3902","ST","77708458","5419",
"35164","3909","QR","5039710","713",
"35175","3916","UV","51592075","1078",
"35178","3917","QR","63465010","2833",
"35180","3917","OP","9782308","272",
"35187","3925","OP","25474483","2247",
"35190","3927","YZ","35319298","1400",
"35202","3935","GH","11549193","5908",
"35204","3935","MN","46342325","1070",
"35206","3936","ST","98634075","127",
"35212","3941","WX","13397574","599",
"35217","3944","EF","65107047","3338",
"35219","3946","AB","14122963","4607",
"35221","3947","YZ","94871657","619",
"35223","3948","EF","58645462","2780",
"35225","3948","EF","3710729","210",
"35234","3955","GH","24978786","997",
"35236","3956","IJ","23786348","892",
"35241","3963","WX","88884788","95",
"35249","3971","UV","54464662","1026",
"35251","3971","MN","55104500","402",
"35253","3972","AB","33554858","2012",
"35261","3978","UV","2867442","692",
"35265","3980","QR","32205635","2264",
"35267","3981","EF","20137071","336",
"35273","3986","WX","87679379","2649",
"35282","3995","UV","18222165","415",
"35286","3998","KL","25096166","1519",
"35288","3999","AB","48404151","2332",
"35319","4026","QR","60125994","9711",
"35335","4033","OP","86237394","2808",
"35383","4066","WX","20153117","7246",
"35404","4079","QR","7362539","218",
"35419","4088","KL","26589399","337",
"35423","4091","ST","12956852","185",
"35434","4099","IJ","40898221","403",
"35474","4127","GH","77216887","221",
"35480","4131","UV","18379521","4696",
"35504","4150","WX","91151189","1669",
"35566","4190","MN","24471074","1100",
"35670","4259","AB","40486842","2255",
"35765","4330","OP","83009093","1786",
"35787","4346","AB","19900185","3067",
"35827","4383","KL","99767720","4265",
"35877","4414","ST","35362416","3509",
"35880","4415","MN","61133015","3408",
"35882","4415","OP","67352598","397",
"35888","4418","ST","36693310","186",
"35890","4418","ST","76446610","1435",
"35901","4423","QR","21013897","4015",
"35968","4473","KL","69761729","3525",
"35973","4476","EF","27366185","912",
"36067","4550","EF","95971029","1607",
"36218","4650","KL","6576216","2828",
"36232","4660","UV","85081994","475",
"36265","4681","OP","30791741","4515",
"36347","4727","UV","87424748","1861",
"36444","4794","EF","60735916","603",
"36446","4794","CD","91262608","1660",
"36549","4863","QR","66434705","6036",
"36619","4907","AB","5604631","1253",
"36667","4937","OP","43502605","800",
"36711","4969","AB","94635641","610",
"36756","4999","MN","71272724","6327",
"36800","5033","QR","93854265","754",
"36854","5066","EF","39506387","1018",
"36856","5066","KL","45041960","1283",
"36867","5072","EF","85992329","5869",
"36869","5072","OP","5224442","805",
"36929","5118","CD","97549569","446",
"36958","5133","IJ","35177278","412",
"37088","5215","QR","81640040","5315",
"37090","5215","QR","71636765","870",
"37178","5269","OP","84263461","7260",
"37215","5290","WX","1615906","2245",
"37253","5313","UV","15263599","1167",
"37325","5362","IJ","23946857","7962",
"37423","5422","WX","95722668","2320",
"37427","5423","QR","82146298","8618",
"37458","5442","MN","10828179","2070",
"37464","5445","IJ","80277055","1439",
"37466","5445","KL","26684844","859",
"37617","5541","QR","48447573","648",
"37701","5591","UV","44512021","2872",
"37703","5591","YZ","30955463","2",
"37742","5622","EF","71167778","573",
"37890","5724","MN","30744582","561",
"37892","5724","WX","21557212","1220",
"37939","5758","WX","15063757","3203",
"37965","5774","OP","39872121","7143",
"38028","5817","WX","85494482","9352",
"38200","5952","MN","40625691","1374",
"38202","5952","WX","37493223","1594",
"38264","5991","KL","83801996","4235",
"38339","6040","EF","96697401","1321",
"38821","6353","OP","1903015","5984",
"38890","6400","QR","30437541","143",
"38956","6453","KL","17806643","695",
"39179","6609","GH","27650201","1624",
"39306","6688","OP","24286341","1282",
"39326","6699","EF","81050043","5504",
"39338","6706","IJ","19147312","671",
"39464","6792","AB","20771622","49",
"39557","6856","YZ","61659604","794",
"39618","6902","YZ","4458135","827",
"39891","7082","AB","93874412","1204",
"39893","7082","AB","18123281","262",
"39926","7099","QR","8235311","11766",
"39987","7133","YZ","28418004","44",
"39989","7133","ST","56658023","56",
"39996","7136","UV","45092648","2235",
"40075","7181","OP","86960434","421",
"40077","7181","OP","40795511","514",
"40085","7184","AB","5196965","1879",
"40087","7184","EF","15510481","276",
"40208","7262","UV","4781288","6875",
"40359","7424","AB","79838293","1110",
"40383","7437","KL","83435654","231",
"40411","7454","AB","52242457","471",
"40431","7465","CD","49864357","2850",
"40433","7465","MN","72408258","2527",
"40467","7487","KL","47784578","4792",
"40560","7542","UV","94022273","3389",
"40567","7546","ST","87915062","198",
"40599","7565","MN","24854338","228",
"40637","7594","MN","40380853","2165",
"40639","7594","IJ","4607093","210",
"40656","7606","CD","41400957","5856",
"40704","7636","CD","10650349","325",
"40760","7674","YZ","18857425","7383",
"40977","7815","ST","1738054","268",
"40988","7819","MN","77821957","733",
"40990","7819","WX","14313167","1721",
"41001","7824","GH","44470602","1525",
"41061","7857","MN","40089714","1042",
"41067","7861","OP","58806037","400",
"41069","7861","MN","77948432","131",
"41113","7894","ST","49265408","2705",
"41216","7957","EF","66945707","6055",
"41336","8039","MN","52981835","610",
"41382","8073","IJ","4501516","11567",
"41408","8085","KL","82082688","10965",
"41453","8114","GH","65448498","494",
"41514","8158","OP","99838619","2148",
"41516","8159","QR","17476857","1552",
"41533","8169","GH","17758477","3575",
"41655","8261","YZ","66767722","413",
"41657","8261","KL","89226317","2163",
"41667","8268","UV","88068616","5870",
"41756","8327","QR","54091328","2539",
"41829","8377","MN","65432101","5018",
"41836","8381","QR","19546556","8039",
"41882","8405","ST","21518677","4095",
"41896","8411","OP","18521237","3507",
"41990","8475","WX","90749495","3833",
"42117","8564","EF","30920487","5483",
"42121","8566","OP","72889137","8894",
"42276","8680","OP","23105997","8566",
"42361","8742","EF","59493338","235",
"42613","8919","ST","41956782","2670",
"42626","8926","WX","2699643","2693",
"42628","8926","UV","49839079","25",
"42635","8931","MN","66827905","6294",
"42698","8972","YZ","5877823","2056",
"42780","9030","YZ","49006336","831",
"42784","9031","AB","50771135","145",
"42789","9034","ST","92149078","621",
"42797","9037","QR","77797412","4033",
"42875","9093","QR","62233042","2617",
"42944","9138","ST","63407915","2666",
"42947","9140","UV","6970173","19",
"42977","9159","QR","61719810","1847",
"42979","9159","IJ","98776262","316",
"42992","9167","WX","99994199","887",
"43011","9188","GH","11309677","471",
"43057","9227","AB","54022675","1164",
"43070","9236","AB","10692495","2276",
"43119","9263","ST","63701718","62",
"43124","9265","EF","84062218","4017",
"43184","9307","AB","52218389","2735",
"43296","9377","AB","52341222","3983",
"43359","9422","YZ","28156739","3136",
"43407","9455","IJ","47912371","618",
"43467","9491","GH","42563897","2245",
"43685","9640","GH","37369465","4087",
"43822","9730","AB","9366584","4764",
"43826","9731","OP","14137328","1320",
"43914","9790","AB","42063897","993",
"43974","9833","EF","18397510","5915",
"44011","9859","KL","16269088","1476",
"44028","9869","MN","41454464","2498",
"44050","9883","CD","12663782","1780",
"44072","9897","IJ","22879386","4339",
"44251","10022","MN","82763254","4104",
"44298","10049","ST","95437645","1281",
"44323","10063","UV","1152956","7601",
"44325","10063","ST","68336278","1326",
"44357","10093","WX","57294940","331",
"44436","10148","UV","85131781","1866",
"44525","10202","CD","86462396","4880",
"44537","10215","GH","18670410","4122",
"44564","10233","CD","70803910","53",
"44566","10233","MN","69788956","4260",
"44773","10365","GH","19185972","6395",
"44775","10365","YZ","81018465","1773",
"44837","10404","AB","74571001","1203",
"44839","10404","UV","60165852","883",
"44852","10411","GH","93566715","1807",
"44854","10411","ST","47737151","7732",
"44902","10440","IJ","96339386","1950",
"44924","10451","QR","73621487","4653",
"44985","10493","AB","16853463","842",
"45226","10652","QR","87759685","2362",
"45246","10663","YZ","54900079","9317",
"45325","10711","OP","49912905","413",
"45327","10711","EF","39264708","443",
"45365","10738","CD","41088736","8042",
"45437","10789","GH","94227504","933",
"45577","10884","QR","42624378","4408",
"45607","10905","EF","13832676","1682",
"45620","10915","GH","27411347","390",
"45622","10915","WX","53494477","4520",
"45778","11013","IJ","43103534","9499",
"46127","11231","UV","15493494","229",
"46185","11265","WX","80508869","2607",
"46195","11271","AB","31909245","2364",
"46260","11317","YZ","43205881","2784",
"46330","11359","AB","90330576","254",
"46335","11362","MN","78507822","56",
"46337","11362","KL","20009470","129",
